title,vedio_link,views,date_time
DSA In Java | Binary Search Tree 02 | Java in One Shot | Binary Search Tree in Java,/watch?v=Cc4z3N33KFc,317 views,3 hours ago
React Hacked: Understanding the React2Shell Vulnerability Explained,/watch?v=_mzp1oCDn6M,3.9K views,1 day ago
DSA In Java | Binary Search Tree 01 | Java in One Shot | Binary Search Tree in Java,/watch?v=lDAGfNUrzRQ,1.4K views,4 days ago
India Most Affordable NIMCET Test Series | NIMCET 2026 Test Series | NIMCET 2026 Preparation,/watch?v=Vso3l9IS_J0,1.1K views,5 days ago
AI Chips in Space by 2027? !  Google’s Crazy Plan Explained!,/watch?v=6xVqnYQbukg,1K views,7 days ago
DSA In Java | Binary Tree 02 | Java in One Shot | Binary in Java,/watch?v=_BkqFXyKt2E,1.9K views,8 days ago
DSA Roadmap | How To Learn DSA | DSA Placement Preparation | DSA Placement Course,/watch?v=gVjV8MQqt1I,6.1K views,9 days ago
Let’s Try Google Antigravity | How Google Antigravity Works?,/watch?v=Mz_epTVBIRE,2.8K views,11 days ago
How to Crack Infosys Specialist Programmer Interview 2026 | 21LPA+,/watch?v=pGtOywgTsLQ,45K views,12 days ago
What Is SQL? | Learn Basic SQL In 10 Minutes,/watch?v=TCDPG3cWVL8,1.7K views,2 weeks ago
DSA In Java | Binary Tree 01 | Java in One Shot | Binary in Java,/watch?v=xpyAAGIezVA,4K views,2 weeks ago
Lost in 2nd & 3rd Year? Watch This Before It Gets Worse,/watch?v=JcWqS-ikDjM,17K views,2 weeks ago
Tech Skills to Learn in 2026 | GfG Black Friday Surprise | ULTIMATE Career Upskilling Roadmap,/watch?v=UxBsPMIYHvU,2.8K views,2 weeks ago
"All About Hackathons | How to Find, Participate & Win! | Hackathon Success Secrets",/watch?v=o6YzZvQfVqE,13K views,2 weeks ago
DSA In Java | Queues | Java in One Shot | Queues in Java,/watch?v=Wx02SYibTQ8&pp=0gcJCSgKAYcqIYzv,2.8K views,2 weeks ago
Gemini 3 Just Crushed Everything! How One Model Changed It All,/watch?v=XVxFc-HuK5A,4.3K views,3 weeks ago
Worried About Data Science Competition? Real Strategies to Stand Out,/watch?v=7H1Zdy6-TGc&pp=0gcJCSgKAYcqIYzv,690 views,3 weeks ago
Is Coding Just a Strategy Game? Let’s Break It Down!,/watch?v=9_IdhO9IicU,2.3K views,3 weeks ago
DSA In Java | Stacks | Java in One Shot | Stacks in Java,/watch?v=aM5HOT7IxWE,5.6K views,3 weeks ago
Web 4.O Is Coming? | The Internet You Won’t Recognize,/watch?v=UJmSfYCYqQ8&pp=0gcJCSgKAYcqIYzv,8.1K views,3 weeks ago
DSA In Java | Linked List Part 2 | Java in One Shot | Linked List in Java,/watch?v=BouH1UmDabE,5.7K views,4 weeks ago
NIMCET 2026 Preparation | How To Become NIMCET AIR -1? | NIMCET Roadmap,/watch?v=dQkZBtTLHWo,8K views,1 month ago
Book Your First 1:1 Session | GeeksforGeeks Connect,/watch?v=j2Vttb0oc-4,1.2K views,1 month ago
How Large Banks Use AI? | Generative AI & Machine Learning in Banking,/watch?v=e-o5BFeYVmc,685 views,1 month ago
Complete MERN Stack Developer Roadmap For Beginners (2026),/watch?v=o2HSY9j4Y9M,6.3K views,1 month ago
What Is GfG Connect? | How To Use GfG Connect? | Complete Details ,/watch?v=8-iCIl4pLVk,2.7K views,1 month ago
Your Tech Interview Preparation Journey Just Got Easier!,/watch?v=WvkkNLGKIss,763 views,1 month ago
Is Maths Required for Coding? | Coding Tips for Beginners,/watch?v=VsgAPjAszUY,3.3K views,1 month ago
How To Create a Resume: Step-by-Step Guide,/watch?v=vdclmE4Sb_w,1.8K views,1 month ago
How to Succeed as a Self-Taught Programmers | Real Advice for Coders | Self-Taught Programmers,/watch?v=ucPQKSUYAGc,6.2K views,1 month ago
