title,video_link,views,date_time
DSA In Java | Hashmap 01 | Java in One Shot | Hashmap in Java,https://www.youtube.com/watch?v=0DJifcw2UGI,715 views,16 hours ago
Synthetic Empathy Explained | Are Machines Replacing Human Connection?,https://www.youtube.com/watch?v=gCMGXwUiUDw,565 views,2 days ago
Top AI Tools in 2025 | Complete AI Tier List Explained,https://www.youtube.com/watch?v=w70XVzGO6vQ,902 views,5 days ago
DSA In Java | Heap 02 | Java in One Shot | Heap in Java,https://www.youtube.com/watch?v=IZz-Q4L5c4A,2K views,6 days ago
Free AIMT by GfG | All India Mock Test Details & Registration Process,https://www.youtube.com/watch?v=1ne4JugUKv8,958 views,7 days ago
"MERN vs Data Science | Salary, Jobs & Future Scope Explained",https://www.youtube.com/watch?v=tCbgJZbblLU,3.3K views,8 days ago
All About GATE 2027 | Syllabus | Exam Pattern | Cut Off | Eligibility Criteria | GATE 2027 Roadmap,https://www.youtube.com/watch?v=m_CY-DIv6Pk,3.4K views,9 days ago
Free Courses FAQs | Nation SkillUp | Utilize Nation Skillup to Learn & Win Rewards!,https://www.youtube.com/watch?v=PNjj29gbIo0,5.2K views,11 days ago
Ultimate Gen AI Project for Students | Build a Real-World AI,https://www.youtube.com/watch?v=96Xr3KTU7S4,760 views,11 days ago
When Should You Use Generative AI? (Real-World Examples),https://www.youtube.com/watch?v=QN60QTMKWBk,501 views,12 days ago
What Is Technical Scripter? Content Writing Event by GeeksforGeeks,https://www.youtube.com/watch?v=qvaofiGA8-s,1.1K views,2 weeks ago
DSA In Java | Heap 01 | Java in One Shot | Heap in Java,https://www.youtube.com/watch?v=i8X7cLJXsro,3.5K views,2 weeks ago
Winter Training  with IBM Certification + New Kolkata GfG Centre Announcement,https://www.youtube.com/watch?v=1OMLZOU2kO4,1.2K views,2 weeks ago
Get a Job as a Data Analyst Before 2026 Starts | Complete Roadmap,https://www.youtube.com/watch?v=ZJbcFh1p9XQ,6.6K views,2 weeks ago
How to Prepare for Google SDE? Complete Roadmap & Strategy,https://www.youtube.com/watch?v=P6DUaCduOJs,7.1K views,2 weeks ago
Big Update Free Courses Ending Soon? | GfG National Skill Up,https://www.youtube.com/watch?v=1Rf7TX8DVrs,24K views,2 weeks ago
How AI Will Change the Future of Coding? | Must-Watch,https://www.youtube.com/watch?v=BllT333UxSM,1.6K views,2 weeks ago
DSA In Java | Binary Search Tree 02 | Java in One Shot | Binary Search Tree in Java,https://www.youtube.com/watch?v=Cc4z3N33KFc,2.1K views,3 weeks ago
React Hacked: Understanding the React2Shell Vulnerability Explained,https://www.youtube.com/watch?v=_mzp1oCDn6M,10K views,3 weeks ago
DSA In Java | Binary Search Tree 01 | Java in One Shot | Binary Search Tree in Java,https://www.youtube.com/watch?v=lDAGfNUrzRQ,2.3K views,3 weeks ago
India Most Affordable NIMCET Test Series | NIMCET 2026 Test Series | NIMCET 2026 Preparation,https://www.youtube.com/watch?v=Vso3l9IS_J0,1.7K views,3 weeks ago
AI Chips in Space by 2027? !  Google’s Crazy Plan Explained!,https://www.youtube.com/watch?v=6xVqnYQbukg,1.2K views,4 weeks ago
DSA In Java | Binary Tree 02 | Java in One Shot | Binary in Java,https://www.youtube.com/watch?v=_BkqFXyKt2E,3.1K views,4 weeks ago
DSA Roadmap | How To Learn DSA | DSA Placement Preparation | DSA Placement Course,https://www.youtube.com/watch?v=gVjV8MQqt1I,6.4K views,4 weeks ago
Let’s Try Google Antigravity | How Google Antigravity Works?,https://www.youtube.com/watch?v=Mz_epTVBIRE,3.6K views,1 month ago
How to Crack Infosys Specialist Programmer Interview 2026 | 21LPA+,https://www.youtube.com/watch?v=pGtOywgTsLQ,61K views,1 month ago
What Is SQL? | Learn Basic SQL In 10 Minutes,https://www.youtube.com/watch?v=TCDPG3cWVL8,2K views,1 month ago
DSA In Java | Binary Tree 01 | Java in One Shot | Binary in Java,https://www.youtube.com/watch?v=xpyAAGIezVA,6.1K views,1 month ago
Lost in 2nd & 3rd Year? Watch This Before It Gets Worse,https://www.youtube.com/watch?v=JcWqS-ikDjM,31K views,1 month ago
Tech Skills to Learn in 2026 | GfG Black Friday Surprise | ULTIMATE Career Upskilling Roadmap,https://www.youtube.com/watch?v=UxBsPMIYHvU,2.9K views,1 month ago
